National Banks Active As of 4/30/2025,,,,,,,
,,,,,,,
,,,,,,,
CHARTER NO,NAME,ADDRESS (LOC),CITY,STATE,CERT,RSSD,
8709,1st National Bank,1000 East Main Street,Lebanon,OH,6646,480723,
15592,"Academy Bank, National Association",1201 Walnut Street,Kansas City,MO,19600,535753,
25173,"ADP Trust Company, National Association","800 Delaware Avenue, Suite 602",Wilmington,DE,59194,5397639,
25307,"Affinity Bank, National Association",3175 Highway 278,Covington,GA,29510,321273,
25225,"Agility Bank, National Association",2401 N. Shepherd,Houston,TX,59239,5728916,
14688,Albany Bank and Trust Company National Association,3400 West Lawrence Avenue,Chicago,IL,17230,2732,
13790,"Alerus Financial, National Association",401 Demers Avenue,Grand Forks,ND,3931,933256,
14206,Amarillo National Bank,"400 South Taylor, Plaza One",Amarillo,TX,14531,353555,
16804,"Amerant Bank, National Association",220 Alhambra Circle,Coral Gables,FL,22953,83638,
24369,"American Bank and Trust Company, National Association",4301 East 53rd Street,Davenport,IA,34955,2733263,
22286,"American Bank, National Association",234 Fifth Avenue S.W.,Lemars,IA,5800,345345,
15820,"American Bank, National Association",100 American Bank Plaza,Corpus Christi,TX,20241,807955,
16320,"American Bank, National Association",2707 West Northwest Highway,Dallas,TX,21567,494654,
17319,"American Bank, National Association",200 West Highway 6,Waco,TX,23886,307361,
24456,"American Commerce Bank, National Association",400 Highway 27 North Bypass,Bremen,GA,57686,3272956,
1154,"American Commercial Bank & Trust, National Association",701-705 LA Salle Street,Ottawa,IL,3719,856243,
25151,American Express National Bank,115 West Towne Ridge Parkway,Sandy,UT,27471,1394676,
23521,American First National Bank,9999 Bellaire Boulevard,Houston,TX,34656,2694681,
15037,American Heritage National Bank,24 2nd Street South,Long Prairie,MN,8843,61757,
18613,American National Bank,4301 North Federal Highway,Oakland Park,FL,26398,481430,
15435,American National Bank,8990 West Dodge Road,Omaha,NE,19300,660655,
22553,American National Bank - Fox Cities,2200 N. Richmond Street,Appleton,WI,33812,2051127,
16617,American National Bank & Trust,2732 Midwestern Parkway,Wichita Falls,TX,22373,498362,
24219,American National Bank of Minnesota,7638 Woida Road,Baxter,MN,26499,306159,
24716,"American Plus Bank, National Association",630 West Duarte Road,Arcadia,CA,58469,3623110,
24182,AMG National Trust Bank,"1155 Canyon Boulevard, Suite 310",Boulder,CO,57295,3015939,
16625,Anahuac National Bank,801 S. Ross Sterling,Anahuac,TX,22381,424352,
25243,Anchorage Digital Bank National Association,"101 S. Reid Street, Suite 329",Sioux Falls,SD,59276,5561001,
5525,Anna-Jonesboro National Bank,201 S. Main,Anna,IL,3759,855844,
8796,"Armed Forces Bank, National Association",320 Kansas Avenue,Ft. Leavenworth,KS,4666,983457,
7699,Arrow Bank National Association,250 Glen Street,Glens Falls,NY,7074,866000,
23006,Asian Pacific National Bank,333 West Valley Boulevard,San Gabriel,CA,33013,1462986,
23695,"Associated Bank, National Association",200 North Adams Street,Green Bay,WI,5296,917742,
23250,"Associated Trust Company, National Association",815 North Water Street,Milwaukee,WI,27102,1629903,
5581,"Austin Bank, Texas National Association",200 East Commerce Street,Jacksonville,TX,3276,548351,
25139,"Axiom Bank, National Association","258 Southhall Lane, Suite 400",Maitland,FL,31390,408875,
11622,B2 Bank National Association,"8355 Unity Drive, Suite 400",Mt. Iron,MN,5105,108652,
3956,Baker Boyer National Bank,7 West Main Street,Walla Walla,WA,2987,69678,
1253,Ballston Spa National Bank,87 Front Street,Ballston Spa,NY,6959,505,
12152,"BancCentral, National Association",604 Flynn Street,Alva,OK,4033,251352,
4975,"Bank First, National Association",402 North 8th Street,Manitowoc,WI,5304,594947,
24077,"Bank of America California, National Association",555 California Street,San Francisco,CA,25178,1443266,
13044,"Bank of America, National Association","100 North Tryon Street, Suite 170",Charlotte,NC,3510,480228,
24153,"Bank of Brenham, National Association",501 S. Austin Street,Brenham,TX,57102,3042234,
10844,"Bank of Bridger, National Association",101 S. Main Street,Bridger,MT,2224,17950,
16976,"Bank of Brookfield-Purdin, National Association",939 Park Circle Drive,Brookfield,MO,9385,236256,
20415,Bank of Desoto National Association,2011 N. Hampton Road,Desoto,TX,26542,638355,
14510,"Bank of Hillsboro, National Association",230 South Main,Hillsboro,IL,16276,659341,
17548,"Bank of Whittier, National Association",15141 East Whittier Boulevard,Whittier,CA,24211,209362,
16643,"BankChampaign, National Association",2101 South Neil,Champaign,IL,22434,436739,
25140,"BankFinancial, National Association",21110 South Western Avenue,Olympia Fields,IL,28808,454676,
25028,"BankUnited, National Association",14817 Oak Lane,Miami Lakes,FL,58979,3938186,
23216,"Barrington Bank & Trust Company, National Association",201 South Hough Street,Barrington,IL,34395,2508751,
25276,BayFirst National Bank,700 Central Avenue,St. Petersburg,FL,34997,2771694,
18358,"Beacon Business Bank, National Association",425 California Street,San Francisco,CA,25644,403067,
23869,"Bessemer Trust Company of California, National Association",101 California Street,San Francisco,CA,35413,2845782,
24547,"Bessemer Trust Company of Delaware, National Association",20 Montchanin Road,Wilmington,DE,58011,3310287,
25287,"Bessemer Trust Company of Nevada, National Association",1700 South Pavilion Center Drive,Las Vegas,NV,59346,5805479,
16417,"Bessemer Trust Company, National Association","1271 Avenue of the Americas, 46th Floor",New York,NY,21868,976703,
24466,"Beverly Bank & Trust Company, National Association",10258 South Western,Chicago,IL,57701,3216017,
8674,"Big Bend Banks, National Association",301 South Highland Avenue,Marfa,TX,3320,362856,
24798,"Black Hills Community Bank, National Association",840 Mount Rushmore Road,Rapid City,SD,58723,3636428,
22121,"BlackRock Institutional Trust Company, National Association",400 Howard Street,San Francisco,CA,32961,1444021,
23903,"Blue Ridge Bank, National Association",1 East Market Street,Martinsville,VA,35274,233527,
14583,BMO Bank National Association,320 South Canal Street,Chicago,IL,16571,75633,
24536,BMO Harris Central National Association,110 East Irving Park Road,Roselle,IL,58216,3353154,
24224,BNC National Bank,20175 North 67th Avenue,Glendale,AZ,57197,2358769,
6301,"BNY Mellon, National Association","One Mellon Bank Center, 500 Grant Street",Pittsburgh,PA,7946,934329,
13679,"BOKF, National Association",Bank of Oklahoma Tower,Tulsa,OK,4214,339858,
20184,"Bonvenu Bank, National Association",2711 East Texas Street,Bossier City,LA,26381,594853,
17383,Brazos National Bank,2300 Brazosport Blvd.,Richwood,TX,24038,863362,
23290,"Bremer Bank, National Association","Lawson Building, 372 St. Peter Street",St. Paul,MN,12923,800657,
14447,Broadway National Bank,1177 N.E. Loop 410,San Antonio,TX,15797,474254,
24944,"Brown Brothers Harriman Trust Company of Delaware, NA",4250 Lancaster Pike,Wilmington,DE,59025,4032791,
24429,"Brown Brothers Harriman Trust Company, National Association",140 Broadway,New York,NY,25824,931207,
14479,Buena Vista National Bank,1309 Swanwick,Chester,IL,10844,621441,
18242,"C3bank, National Association","850 S. Coast Hwy 101, Suite 1",Encinitas,CA,25249,754068,
24100,"California Bank of Commerce, National Association","12265 El Camino Real, Suite 100",San Diego,CA,57044,3076453,
24577,"California International Bank, A National Banking Association",15606 Brookhurst St.,Westminster,CA,57974,3394380,
24936,Canandaigua National Trust Company of Florida,1586 Main Street,Sarasota,FL,58999,3952904,
23850,"Capital Bank, National Association",2275 Research Blvd.,Rockville,MD,35278,2808602,
13688,"Capital One, National Association",1680 Capital One Drive,McLean,VA,4297,112837,
17525,Capitol National Bank,200 Washington Square North,Lansing,MI,24199,285544,
25272,"Carthage Savings and Loan, National Association",313 State St,Carthage,NY,28942,900678,
412,Cayuga Lake National Bank,3 Cayuga Street,Union Springs,NY,6954,63201,
23323,Cedar Hill National Bank,8100 Denmark Road,Charlotte,NC,34478,2651899,
7524,"Cendera Bank, National Association",615 East Bells Boulevard,Bells,TX,3098,89957,
20448,Center National Bank,301 N. Ramsey Avenue,Litchfield,MN,10976,1017957,
4284,Central National Bank,802 N. Washington,Junction City,KS,4702,234355,
16626,Central National Bank,8320 U.S. Highway 84 West,Waco,TX,22396,428060,
24310,"Cetera Trust Company, National Association",400 Robert Street North,St. Paul,MN,57405,3089752,
25137,"CFBank, National Association",4960 E. Dublin Granville Rd. Suite 400,Columbus,OH,28263,767974,
24755,"Chain Bridge Bank, National Association",1445-A Laughlin Avenue,Mclean,VA,58595,3597211,
9405,Champlain National Bank,"Main and William Streets, 7558 Court Street",Elizabethtown,NY,7356,126012,
23158,Chester National Bank,1112 State Street,Chester,IL,30220,231279,
25215,"Chilton Trust Company, National Association",396 Royal Palm Way,Palm Beach,FL,59255,4397164,
23950,"Chino Commercial Bank, National Association",14245 Pipeline Avenue,Chino,CA,35366,2925620,
24106,CIBC National Trust Company,"3290 Northside Parkway, 7th Floor",Atlanta,GA,91325,975751,
1461,"Citibank, N.A.",5800 S Corporate Place,Sioux Falls,SD,7213,476810,
18410,"Citicorp Trust Delaware, National Association","20 Montchanin Road, Suite 180",Greenville,DE,25677,449038,
24571,"Citizens Bank, National Association",One Citizens Plaza,Providence,RI,57957,3303298,
23834,"Citizens Bank, National Association",4201 South Treadaway Boulevard,Abilene,TX,12309,617051,
25088,Citizens Community Federal National Association,219 Fairfax Street,Altoona,WI,57265,962890,
16076,Citizens National Bank,200 Forks of River Parkway,Sevierville,TN,20954,717737,
5484,Citizens National Bank,118 South Houston Street,Cameron,TX,3127,59352,
17456,Citizens National Bank,1320 East Loop 304,Crockett,TX,24085,700252,
14273,Citizens National Bank at Brownwood,1 Carnegie,Brownwood,TX,14779,233358,
14435,Citizens National Bank of Albion,10 West Elm Street,Albion,IL,15760,853747,
13522,Citizens National Bank of Cheboygan,303 N. Main Street,Cheboygan,MI,5018,773742,
8515,Citizens National Bank of Crosbyton,202 W. Main,Crosbyton,TX,3158,901451,
13516,Citizens National Bank of Texas,200 N. Elm Street,Waxahachie,TX,5574,552161,
22968,"City First Bank, National Association","1432 U Street, N.W.",Washington,DC,34352,2697963,
14695,City National Bank,555 South Flower Street,Los Angeles,CA,17281,63069,
17652,City National Bank,1465 West Second Avenue,Corsicana,TX,24367,697950,
15977,City National Bank of Florida,25 West Flagler Street,Miami,FL,20234,814430,
14807,City National Bank of West Virginia,"3601 Mccorkle Avenue, S.E.",Charleston,WV,17735,1011526,
15649,"Clare Bank, National Association",345 West Pine,Platteville,WI,1022,988144,
13731,"Classic Bank, National Association",102 N. Houston,Cameron,TX,3126,182951,
3248,"Clear Fork Bank, National Association",100 S. Main,Albany,TX,3067,340751,
14347,"CNB Bank & Trust, National Association",West Side Square,Carlinville,IL,3775,613343,
24861,Coastal Carolina National Bank,"1012 38th Avenue North, Suite 100",Myrtle Beach,SC,58864,3821822,
24626,Column National Association,"1717 Mangrove Avenue, Suite 100",Chico,CA,58224,3435948,
21527,"Comerica Bank & Trust, National Association","101 North Main Street, Suite 200",Ann Arbor,MI,1596,772446,
14371,"Commercial Bank of Texas, National Association",215 E. Main Street,Nacogdoches,TX,1209,885869,
15257,Commercial National Bank of Texarkana,5515 Summerhill Road,Texarkana,TX,19024,794149,
16553,Commonwealth National Bank,2214 St. Stephens Road,Mobile,AL,22229,578237,
8531,"Community Bank, National Association",45-49 Court Street,Canton,NY,6989,202907,
7518,"Community First Bank, National Association",118 East Lima Street,Forest,OH,6584,579319,
24080,Community First National Bank,215 S. Seth Child,Manhattan,KS,35585,2907019,
18394,Community National Bank,210 Main Street,Seneca,KS,25665,354552,
18054,Community National Bank,500 West Illinois,Midland,TX,24897,293053,
1368,Community National Bank,4811 US Route 5,Derby,VT,6271,270504,
21389,Community National Bank & Trust,14 North Lincoln,Chanute,KS,27046,923752,
14898,Community National Bank & Trust of Texas,321 North 15th Street,Corsicana,TX,18185,738769,
15389,Community National Bank in Monmouth,311 North Main Street,Monmouth,IL,19230,775241,
18233,Community National Bank of Okarche,653 North Main Highway 81,Okarche,OK,25161,371559,
23148,"Computershare Trust Company, National Association",150 Royall Street,Canton,MA,34629,2600039,
23664,"Connecticut Community Bank, National Association",605 West Avenue,Norwalk,CT,34876,2756909,
15543,Consumers National Bank,614 East Lincoln Way,Minerva,OH,19482,477321,
24114,Cornerstone National Bank & Trust Company,One West Northwest Highway,Palatine,IL,57061,2929392,
23771,Cortrust Bank National Association,100 E. Havens & Main,Mitchell,SD,6063,61355,
14062,County National Bank,One South Howell Street,Hillsdale,MI,14073,682143,
22594,Credit First National Association,6275 Eastland Road,Brook Park,OH,33855,2122997,
20291,"Credit One Bank, National Association",6801 South Cimarron Road,Las Vegas,NV,25620,639567,
23574,"Crystal Lake Bank & Trust Company, National Association",70 North Williams Street,Crystal Lake,IL,34681,2624400,
10254,Cumberland Valley National Bank & Trust Company,100 South Main Street,London,KY,2691,647218,
24604,"Dakota Community Bank & Trust, National Association",609 Main Street,Hebron,ND,15728,815156,
15980,"Dallas Capital Bank, National Association","14185 Dallas Parkway, Suite 200",Dallas,TX,20727,384652,
25237,Dayforce National Trust Bank,3311 East Old Shakopee Road,Minneapolis,MN,59337,5805817,
23852,"Desjardins Bank, National Association",1001 East Hallandale Beach Boulevard,Hallandale,FL,33565,1940747,
18608,Deutsche Bank National Trust Company,1999 Avenue of the Stars,Los Angeles,CA,26732,670560,
24452,"Deutsche Bank Trust Company, National Association",1 Columbus Circle,New York,NY,34056,2325882,
12877,DNB National Bank,305 Fourth Street West,Clear Lake,SD,3977,401559,
24249,Douglas National Bank,211 East Ward Street,Douglas,GA,57230,3049635,
8114,"Dream First Bank, National Association",11 North Main Street,Syracuse,KS,4779,543459,
23097,DSRM National Bank,"5600 Wyoming Blvd, NE, Suite 275",Albuquerque,NM,34331,2502825,
18431,"Eastbank, National Association",183 Centre Street,New York,NY,25749,98717,
15748,Eastern National Bank,9700 South Dixie Highway,Miami,FL,20026,171133,
23329,Edison National Bank,13000 South Cleveland Avenue,Fort Myers,FL,34489,2594419,
24493,EH National Bank,9420 Wilshire Boulevard,Beverly Hills,CA,57734,3320576,
3855,"Elevate Bank, National Association",101 West Main Street,Sedan,KS,4770,195157,
24679,Embassy National Bank,1817 North Brown Road,Lawrenceville,GA,58413,3482045,
25125,"Esquire Bank, National Association","100 Jericho Quadrangle, Suite 100",Jericho,NY,58140,3447820,
11583,"Evans Bank, National Association",8599 Erie Rd,Angola,NY,6947,292908,
25290,"EverBank, National Association","301 West Bay Street, 25th Floor",Jacksonville,FL,34775,2735146,
24907,"Evercore Trust Company, National Association","300 Delaware Avenue, Suite 1225",Wilmington,DE,58927,3939240,
17000,Evergreen National Bank,28145 Colorado Highway 74,Evergreen,CO,23404,427858,
13778,"Extraco Banks, National Association",18 South Main Street,Temple,TX,5551,537560,
24356,"F&M Community Bank, National Association",100 St. Anthony Street North,Preston,MN,10967,171759,
24373,Falcon National Bank,183 Cedar Drive,Foley,MN,57603,3184228,
6375,Farmers National Bank,114 West 3rd Street,Prophetstown,IL,3732,933041,
11933,Farmers National Bank,759 State Street,Phillipsburg,KS,4611,137559,
14466,Farmers National Bank of Griggsville,112 West Quincy Street,Griggsville,IL,15928,166849,
5629,"FCN Bank, National Association",501 Main Street,Brookville,IN,4319,321947,
25188,"Fidelity Bank, National Association",100 East English Street,Wichita,KS,30895,762474,
25190,"Fifth Third Bank, National Association",38 Fountain Square Plaza,Cincinnati,OH,6672,723112,
24719,Finemark National Bank & Trust,8695 College Parkway,Fort Myers,FL,58486,3547131,
6769,"First & Farmers National Bank, Inc.",2020 South US 27,Somerset,KY,2738,721949,
14564,"First Bankers Trust Company, National Association",1201 Broadway,Quincy,IL,16501,344647,
24169,"First Century Bank, National Association",1731 N. Elm Street,Commerce,GA,57123,2997748,
5263,First Citizens National Bank,200-206 West Court Street,Dyersburg,TN,4972,133850,
17862,"First Commercial Bank, National Association",1336 East Court Street,Seguin,TX,24603,400365,
24120,"First Community Trust, National Association","3385 Hillcrest Road, Suite 100",Dubuque,IA,57179,2973041,
2068,First Dakota National Bank,225 Cedar Street,Yankton,SD,4028,441256,
22351,First Farmers & Merchants National Bank,114 South Park,Fairmont,MN,33131,1470150,
13544,First Farmers & Merchants National Bank,303 E. Main,Luverne,MN,5186,917854,
25025,"First Federal Community Bank, National Association",141 West Ohio Avenue,Dover,OH,29787,540775,
47,"First Financial Bank, National Association",One First Financial Plaza,Terre Haute,IN,4382,693345,
21882,"First Financial Trust, National Association",351 Main Street,Wakefield,MA,27479,1369870,
10118,"First Hope Bank, A National Banking Association",Union and High Streets,Hope,NJ,6354,434203,
10045,"First Mid Bank & Trust, National Association",1515 Charleston Avenue,Mattoon,IL,3705,762447,
16579,First National Bank,341 Military Street South,Hamilton,AL,22271,330239,
10004,First National Bank,200 West Court Street,Paragould,AR,3887,42448,
10465,First National Bank,302 South Main Street,Cloverdale,IN,4324,60648,
446,First National Bank,223 Main Street,Damariscotta,ME,4256,439404,
6813,First National Bank,31 Central Street East,Bagley,MN,5087,392255,
7647,First National Bank,101 West Lake Street,Chisholm,MN,5113,371755,
14786,First National Bank,414 10th Street,Alamogordo,NM,17643,823450,
9888,First National Bank,400 E 1st,Heavener,OK,4111,195456,
14252,First National Bank,307 Hustan Avenue,Fort Pierre,SD,14712,355858,
21793,First National Bank,141 East Main Street,Oldham,SD,25894,944355,
23182,First National Bank,118 North Garfield,Rotan,TX,34455,2490285,
20078,First National Bank,3801 Fairway Boulevard,Wichita Falls,TX,26543,375566,
9295,First National Bank,622 Broad Street,Altavista,VA,6811,979629,
3806,First National Bank & Trust,233 South Stephenson Avenue,Iron Mountain,MI,5062,251558,
9952,First National Bank & Trust,2714 West Third Street,Elk City,OK,4086,114457,
1926,First National Bank & Trust Company,2 Kelli Court,Clinton,IL,3639,32234,
5052,First National Bank & Trust Company of McAlester,235 East Choctaw,McAlester,OK,4145,830355,
12072,First National Bank Alaska,101 West 36th Avenue,Anchorage,AK,16130,114260,
10697,First National Bank and Trust,111 South Main Street,Atmore,AL,2779,670430,
3601,First National Bank and Trust,225 State Street,Phillipsburg,KS,4756,183958,
8029,First National Bank and Trust Co. of Bottineau,424 Main Street,Bottineau,ND,3902,974558,
13677,First National Bank and Trust Company of Ardmore,405 West Main Street,Ardmore,OK,4037,984258,
2477,First National Bank and Trust Company of Weatherford,220 Palo Pinto Street,Weatherford,TX,5575,614368,
6030,First National Bank Colorado,535 Bent Avenue,Las Animas,CO,3034,513256,
13329,First National Bank in Cimarron,Canal and Main,Cimarron,KS,4638,677354,
14168,First National Bank in DeRidder,1003 North Pine Street,DeRidder,LA,14427,480433,
11916,First National Bank in Frankfort,124 North Kansas,Frankfort,KS,4668,923350,
14370,First National Bank in Fredonia,730 Madison,Fredonia,KS,13798,844455,
14294,First National Bank in New Bremen,435 South Washington Street,New Bremen,OH,14836,204826,
14217,First National Bank in Olney,101 East Main Street,Olney,IL,14567,412845,
13557,First National Bank in Ord,"1411 ""m"" Street",Ord,NE,5460,850054,
10637,First National Bank in Philip,103 East Oak Street,Philip,SD,3999,538754,
13975,First National Bank in Pinckneyville,210 South Main Street,Pinckneyville,IL,13813,340443,
14821,First National Bank in Port Lavaca,1101 Highway 35 Bypass South,Port Lavaca,TX,17811,855264,
14769,First National Bank in Taylorville,322 West Main Cross,Taylorville,IL,17572,177443,
14150,First National Bank in Tigerton,Cedar and Ash Streets,Tigerton,WI,14400,74449,
1794,First National Bank Minnesota,226 West Nassau Street,St. Peter,MN,5247,197759,
8476,First National Bank North,P.O. Box 520,Walker,MN,5269,805755,
14740,First National Bank of America,"241 East Saginaw, Suite 101",East Lansing,MI,17438,413141,
7337,First National Bank of Anderson,1071 Highway 90 South,Anderson,TX,3075,362155,
13675,First National Bank of Bosque County,P.O. Box 278,Valley Mills,TX,5564,198961,
14993,First National Bank of Brookfield,9136 Washington Avenue,Brookfield,IL,18564,465038,
17001,First National Bank of Burleson,899 Northeast Alsbury,Burleson,TX,23430,240954,
5850,First National Bank of Central Texas,1835 North Valley Mills Drive,Waco,TX,3325,369659,
15284,First National Bank of Clarksdale,402 East Second Street,Clarksdale,MS,19070,11640,
22327,First National Bank of Coffee County,420 South Madison Avenue,Douglas,GA,33506,1892154,
11312,First National Bank of Commerce,206 West Main Street,Walnut Ridge,AR,3896,799948,
24458,First National Bank of Decatur County,819 East Shotwell Street,Bainbridge,GA,57694,3232370,
20026,First National Bank of Dublin,825 North Patrick,Dublin,TX,26228,648550,
5288,First National Bank of East Texas,206 U. S. Highway 271 North ,Gilmer,TX,3218,445955,
13637,First National Bank of Eastern Arkansas,101 North Washington Street,Forrest City,AR,3863,251745,
14842,First National Bank of Fort Stockton,1000 W. Dickinson Blvd.,Fort Stockton,TX,17913,397456,
4410,First National Bank of Giddings,108 E. Austin,Giddings,TX,3217,324153,
15158,First National Bank of Gillette,319 South Gillette Avenue,Gillette,WY,18880,890050,
15572,First National Bank of Griffin,318 South Hill Street,Griffin,GA,169,563233,
23692,First National Bank of Hereford,301 West Third Street,Hereford,TX,34918,2759629,
4208,First National Bank of Huntsville,1300 11th Street,Huntsville,TX,3269,583352,
6101,First National Bank of Kansas,600 N. 4th Street,Burlington,KS,4794,614256,
2592,First National Bank of Kentucky,604 Highland Avenue,Carrollton,KY,2735,907444,
15171,First National Bank of Lake Jackson,122 West Way,Lake Jackson,TX,18895,560353,
12523,First National Bank of Louisiana,128 North Parkerson Avenue,Crowley,LA,4288,575834,
4076,First National Bank of McGregor,401 South Main,Mc Gregor,TX,3330,895055,
24637,First National Bank of Michigan,348 West Michigan Avenue,Kalamazoo,MI,58259,3404467,
14436,First National Bank of Nokomis,122 West State Street,Nokomis,IL,15763,330248,
11397,First National Bank of Oklahoma,10900 Hefner Pointe Drive,Oklahoma City,OK,4211,525053,
209,First National Bank of Omaha,1601 Capitol Avenue,Omaha,NE,5452,527954,
13478,First National Bank of Pana,306 South Locust Street,Pana,IL,3720,860147,
20976,First National Bank of Pasco,13315 US Highway 301 South,Dade City,FL,26829,82033,
249,First National Bank of Pennsylvania,166 Main Street,Greenville,PA,7888,379920,
14619,First National Bank of Pulaski,206 South First Street,Pulaski,TN,15572,972732,
7087,First National Bank of River Falls,104 East Locust Street,River Falls,WI,5364,956255,
14680,First National Bank of Scotia,201 Mohawk Avenue,Scotia,NY,11501,472616,
10680,First National Bank of South Carolina,801 Gilway Street,Holly Hill,SC,2107,347022,
18063,First National Bank of South Padre Island,709 Padre Blvd.,South Padre Island,TX,24902,346566,
14437,First National Bank of Steeleville,400 West Broadway,Steeleville,IL,1049,129349,
15550,First National Bank of Tennessee,214 East Main Street,Livingston,TN,19502,283737,
14882,First National Bank of Wauchula,406 N 6th Avenue,Wauchula,FL,18136,89135,
5674,First National Bank of Winnsboro,315 North Main,Winnsboro,TX,5590,501767,
5750,First National Bank Texas,901 East Central Texas Expressway,Killeen,TX,3285,613950,
16473,First National Bank USA,13386 Highway 90,Boutte,LA,22046,714839,
10408,"First National Bank, Ames, Iowa",405 Fifth Street,Ames,IA,1545,820048,
14833,"First National Bank, Cortez",2258 East Main Street,Cortez,CO,17872,968155,
18278,First National Bankers Bank,7813 Office Park Boulevard,Baton Rouge,LA,25247,734538,
16487,First National Community Bank,701 North 3rd Avenue,Chatsworth,GA,22092,450632,
11412,First National Community Bank,109 East Second Street,New Richmond,WI,5357,23755,
24475,First National Trust Company,One F.N.B. Boulevard,Hermitage,PA,57793,3229875,
13682,"First Neighbor Bank, National Association",201 North Meridian,Toledo,IL,3747,413646,
8752,First Pioneer National Bank,145 West Fourth Street,Wray,CO,3063,357553,
23393,"First Robinson Savings Bank, National Association",501 East Main Street,Robinson,IL,28105,660271,
1493,First Southern National Bank,27 Public Square,Lancaster,KY,2700,702612,
7045,First Texas National Bank,124 South Main Street,Floydada,TX,3197,393252,
14005,First Texoma National Bank,220 West Main Street,Durant,OK,13905,388155,
9480,First United National Bank,Routes 157 and 208,Fryburg,PA,7886,127224,
13934,First-Lockhart National Bank,111 South Main Street,Lockhart,TX,13599,631150,
25282,"Flagstar Bank, National Association",102 Duffy Avenue,Hicksville,NY,32541,694904,
20214,"Florida Capital Bank, National Association","10151 Deerwood Park Blvd, Building 100, Suite 200-A",Jacksonville,FL,26323,188430,
24349,"Forcht Bank, National Association",2404 Sir Barton Way,Lexington,KY,57415,3141726,
14566,Forest Park National Bank and Trust Company,7348 West Madison Street,Forest Park,IL,15945,926632,
14546,"FSNB, National Association",1420 Southwest Lee Boulevard,Lawton,OK,16416,125154,
24891,"Fulton Bank, National Association",One Penn Square P.O.Box 4887,Lancaster,PA,7551,474919,
25304,"FundBank, National Association","301 Congress Avenue, Suite 1725",Austin,TX,59366,6009630,
5741,Gilmer National Bank,713 US Highway 271 North,Gilmer,TX,3219,323651,
13347,"GNBank, National Association","100 E. Forest, P. O. Box 67",Girard,KS,4673,928056,
18558,"Golden Bank, National Association",9315 Bellaire Boulevard,Houston,TX,26223,536059,
24671,"Goldwater Bank, National Association","2525 E Camelback Road, Suite 1100",Phoenix,AZ,58405,3592047,
6684,Grand Ridge National Bank,500 S. County Farm Road,Wheaton,IL,3674,875132,
25152,"Grasshopper Bank, National Association",261 Fifth Avenue,New York,NY,59113,5210989,
23049,Great Plains National Bank,2017 West Third,Elk City,OK,34207,2482824,
25332,Greenleaf Trust National Association,211 S. Rose Street,Kalamazoo,MI,34935,2938787,
13944,Greenville National Bank,446 South Broadway,Greenville,OH,13703,295011,
25053,"Guaranty Bank & Trust, National Association",100 W. Arkansas,Mt. Pleasant,TX,1208,112163,
20622,"Hana Bank USA, National Association",201 Main Street,Fort Lee,NJ,26790,609609,
14149,Haskell National Bank,601 North First Street,Haskell,TX,14399,170257,
14911,Hawaii National Bank,45 North King Street,Honolulu,HI,18296,915065,
23773,Heartland National Bank,320 U.S. Highway 27 North,Sebring,FL,35052,2800491,
15401,"Heritage Bank, National Association",120 South Street W.,Spicer,MN,19254,901358,
15698,Hiawatha National Bank,N1555 770th Street & Highway 35,Hager City,WI,13058,505550,
25255,"Hightower Trust Company, National Association","4400 Post Oak Parkway, Suite 2600",Houston,TX,59321,2597232,
15359,Hilltop National Bank,300 Country Club Road,Casper,WY,19184,1454,
25212,"Hinsdale Bank & Trust Company, National Association",25 East First Street,Hinsdale,IL,33849,2119773,
6635,HNB National Bank,100 North Main Street,Hannibal,MO,4540,908553,
25106,"Home Bank, National Association",503 Kaliste Saloom Road,Lafayette,LA,28094,929978,
9815,Home National Bank,502 Elm Street,Racine,OH,6680,79127,
18763,Home State Bank / National Association,40 Grant Street,Crystal Lake,IL,12815,696430,
15593,"Hometown Bank, National Association",1801 45th Street,Galveston,TX,19603,393953,
2503,Hometown National Bank,260 Bucklin Street,LA Salle,IL,3691,770639,
24522,"HSBC Bank USA, National Association",1800 Tysons Boulevard,Tysons,VA,57890,413208,
24601,"HSBC Trust Company (Delaware), National Association","300 Delaware Avenue, Suite 1401",Wilmington,DE,58188,3357620,
11443,"INB, National Association",322 East Capitol Avenue,Springfield,IL,3664,925037,
12190,"Incommons Bank, National Association",301 East Commerce,Mexia,TX,3342,414858,
24440,"Industrial and Commercial Bank of China (USA), NA",1185 Avenue of the Americas,New York,NY,24387,1015560,
25275,"Inspire Trust Company, National Association",241 Ridge Street,Reno,NV,59349,5805488,
18283,"Intercredit Bank, National Association",396 Alhambra Circle,Coral Gables,FL,25258,44433,
2782,"Intrust Bank, National Association",105 N. Main,Wichita,KS,4799,557858,
25185,"Investar Bank, National Association",7244 Perkins Road,Baton Rouge,LA,58316,3449066,
15292,Inwood National Bank,7621 Inwood Road,Dallas,TX,19080,913753,
8,"JPMorgan Chase Bank, National Association",1111 Polaris Parkway,Columbus,OH,628,852218,
14330,Junction National Bank,701 Main Street,Junction,TX,15078,741152,
6544,"Keen Bank, National Association",101 North State Street,Waseca,MN,5270,837354,
25051,Key National Trust Company of Delaware,1105 North Market Street,Wilmington,DE,59069,4368351,
14761,KeyBank National Association,127 Public Square,Cleveland,OH,17534,280110,
9536,Kingston National Bank,2 North Main Street,Kingston,OH,6616,966722,
12968,"Kleberg Bank, National Association",100 East Kleberg Avenue,Kingsville,TX,3286,556459,
15168,Kress National Bank,Highway 87 & 4th Street,Kress,TX,18892,995955,
25149,"Lake Forest Bank & Trust Company, National Association",727 North Bank Lane,Lake Forest,IL,27589,1917301,
17106,Lamar National Bank,200 S. Collegiate Drive,Paris,TX,23597,2161,
23038,Landmark National Bank,701 Poyntz Avenue,Manhattan,KS,5826,481177,
2360,LCNB National Bank,2 North Broadway,Lebanon,OH,6623,785923,
24131,"Leader Bank, National Association",141 Massachusetts Avenue,Arlington,MA,57134,3109146,
22210,Ledyard National Bank,320 Main Street,Norwich,VT,33418,1863097,
24573,Legacy National Bank,4055 West Sunset,Springdale,AR,57953,3306280,
24338,"Legacy Trust Company, National Association","1415  Louisiana, Suite 1900",Houston,TX,57380,2597223,
4265,"Legend Bank, National Association",101 Tarrant Street,Bowie,TX,3108,100357,
25228,"LendingClub Bank, National Association",2701 N Thanksgiving Way,Lehi,UT,32551,264772,
23925,"Liberty Bank, National Association","2 Park Plaza, Suite 550",Irvine,CA,35331,2907439,
24378,Liberty National Bank,4425 Singing Hills Boulevard,Sioux City,IA,57505,3140822,
23516,Liberty National Bank,629 S. W. C Avenue,Lawton,OK,11522,68756,
25197,"Libertyville Bank & Trust Company, National Association",507 North Milwaukee Avenue,Libertyville,IL,34073,2339795,
17606,Llano National Bank,1001 Ford Street,Llano,TX,24305,946555,
8575,"Lone Oak Bank, National Association",100 SW Main Street,Eldorado,TX,3184,665258,
23730,"Lone Star Capital Bank, National Association",150 N Loop 1604 E,San Antonio,TX,35015,2788656,
17611,LONE STAR NATIONAL BANK,206 West Ferguson,Pharr,TX,24347,842460,
14328,Louisiana National Bank,2001 North Trenton Street,Ruston,LA,15059,109659,
25333,"Macatawa Bank, National Association",10753 Macatawa Drive,Holland,MI,34618,2634351,
14492,Mason City National Bank,104 West Pine Street,Mason City,IL,16198,108746,
17269,Mccurtain County National Bank,20 North Park Drive,Broken Bow,OK,23798,423159,
14488,"Merchants Bank, National Association",102 East Third Street,Winona,MN,8866,779351,
13838,Midamerica National Bank,100 West Elm Street,Canton,IL,3612,510938,
25227,Mid-Central National Bank,520 Jefferson St S,Wadena,MN,30943,773171,
10354,"Midstates Bank, National Association","1851 Madison Avenue, Suite 732",Council Bluffs,IA,4465,728948,
9786,Midwest National Bank,302 N. Main Street,Sandoval,IL,3834,122546,
13835,Millbury National Bank,18 Main Street,Millbury,MA,2616,881900,
6417,Minnesota National Bank,131 12th Street South,Sauk Centre,MN,5249,799751,
13972,Minnstar Bank National Association,202 North Main,Lake Crystal,MN,13809,89854,
17176,Mission National Bank,3060 16th Street,San Francisco,CA,23749,519360,
16629,"Modern Bank, National Association","410 Park Avenue, Suite 830",New York,NY,22398,2398701,
8899,Moody National Bank,2302 Post Office Street,Galveston,TX,3210,253356,
24908,"Morgan Stanley Bank, N.A.","201 South Main Street, 5th Floor",Salt Lake City,UT,32992,1456501,
24981,"Morgan Stanley Private Bank, National Association",2000 Westchester Avenue,Purchase,NY,34221,2489805,
9610,"Mountain Valley Bank, National Association",317 Davis Avenue,Elkins,WV,6786,1011432,
23523,"Natbank, National Association",4031 Oakwood Boulevard,Hollywood,FL,33959,2233875,
25145,National Advisors Trust Company,"800 East 101st Terrace, Suite 300",Kansas City,MO,57160,2809373,
3906,National Bank & Trust,145 West Colorado Street,La Grange,TX,3289,792659,
14109,National Bank of Commerce,1127 Tower Avenue,Superior,WI,14266,775456,
14617,National Bank of St. Anne,158 W. Station Street,St. Anne,IL,16752,760340,
25093,"National Cooperative Bank, N.A.",139 S High St,Hillsboro,OH,32612,99376,
13879,National Exchange Bank and Trust,130 South Main,Fond Du Lac,WI,10044,722544,
21158,"Native American Bank, National Association",201 North Broadway,Denver,CO,27026,664653,
1354,"NBT Bank, National Association",52 South Broad Street,Norwich,NY,7230,702117,
22770,Neighborhood National Bank,"2987 Jamacha Road, Suite 2B",EL CAJON,CA,34548,2333140,
15161,Neighborhood National Bank,45 North Union Street,Mora,MN,18885,705556,
24961,Neuberger Berman Trust Company National Association,"1290 Avenue of the Americas, 23rd floor",New York,NY,59046,4149037,
24966,Neuberger Berman Trust Company of Delaware NA,"919 N. Market Street, Suite 506",Wilmington,DE,59047,4146830,
23421,"New Covenant Trust Company, National Association",200 East 12th Street,Jeffersonville,IN,34732,2641827,
24858,"New Horizon Bank, National Association",1870 Stoneridge Commerce Drive,Powhatan,VA,58857,3816154,
16840,"New Omni Bank, National Association",1235 South Garfield Avenue,Alhambra,CA,23086,300063,
14240,Newfield National Bank,18-24 West Boulevard,Newfield,NJ,14646,632410,
6112,Newfirst National Bank,202 East Jackson,El Campo,TX,3183,938859,
15070,"Newtek Bank, National Association","1111 Brickell Avenue, Suite 135",Miami,FL,18734,502111,
5073,"NexTier Bank, National Association",222 Market Street,Kittanning,PA,7900,18827,
24107,Nicolet National Bank,111 North Washington Street,Green Bay,WI,57038,2941068,
23547,North Georgia National Bank,350 West Belmont Drive,Calhoun,GA,34662,2769954,
25199,"Northbrook Bank & Trust Company, National Association",1100 Waukegan Road,Northbrook,IL,57082,2938198,
6863,"Northern Interstate Bank, National Association",501 W. US 2,Norway,MI,13784,289056,
24372,"Northwestern Bank, National Association",4 North Main Street,Dilworth,MN,9746,207555,
24849,Oak View National Bank,340 Waterloo Street,Warrenton,VA,58827,3816190,
25150,"OceanFirst Bank, National Association",975 Hooper Avenue,Toms River,NJ,28359,85472,
24730,Old Dominion National Bank,"4916 Plank Road, Suite 216",North Garden,VA,58504,3610718,
8846,Old National Bank,1 Main Street,Evansville,IN,3832,208244,
24646,"Old Plank Trail Community Bank, National Association",20012 Wolf Road,Mokena,IL,58314,3404207,
23702,"Old Point Trust & Financial Services, National Association","11780 Jefferson Avenue, Suite D",Newport News,VA,35248,2797210,
4596,Old Second National Bank,37-39 South River Street,Aurora,IL,3603,936136,
20010,Pacific National Bank,1390 Brickell Avenue,Miami,FL,26299,577137,
25344,"Pacific Premier Bank, National Association","17901 Von Karman Avenue, Suite 1200",Irvine,CA,32172,431172,
25291,"Park Bank, National Association",1200 S. Main Street,Holmen,WI,13054,518354,
25195,"Pathward, National Association",5501 South Broadband Lane,Sioux Falls,SD,30776,435077,
22545,"Patriot Bank, National Association",999 Bedford Street,Stamford,CT,33928,2236821,
11001,"Patrons Bank, National Association",610 East 8th,Okmulgee,OK,4170,634955,
25289,Paycom National Trust Bank,7501 West Memorial Road,Oklahoma City,OK,59363,5972661,
14418,Peoples National Bank of Kewanee,207 North Tremont Street,Kewanee,IL,926,823133,
9408,"Peoples National Bank, N.A.",108 South Washington,Mcleansboro,IL,3809,375043,
20493,Pike National Bank,350 Rawls Drive,Mccomb,MS,26379,880332,
15058,Pikes Peak National Bank,2401 West Colorado Avenue,Colorado Springs,CO,17782,643658,
25324,"Pioneer Bank, National Association",652 Albany Shaker Road,Albany,NY,20741,237619,
21060,"Pioneer Trust Bank, National Association","109 Commercial Street, NE",Salem,OR,19827,852973,
25258,"Plante Moran Trust, National Association",3000 Town Center,Southfield,MI,57418,5591633,
1316,"PNC Bank, National Association",222 Delaware Avenue,Wilmington,DE,6384,817824,
9924,Powell Valley National Bank,33785 Main Street,Jonesville,VA,6863,31826,
25308,Premier Bank National Association,16802 Burke Street,Omaha,NE,12493,860259,
17735,Progressive National Bank,300 Washington Street,Mansfield,LA,24443,675855,
6207,Queensborough National Bank & Trust Company,113 East Broad Street,Louisville,GA,2138,960935,
24771,"Raymond James Trust, National Association",880 Carillon Parkway,St. Petersburg,FL,33879,2163477,
23416,"RBC Bank (Georgia), National Association",3550 Lenox Road NE,Atlanta,GA,26342,3783948,
5815,"Resource Bank, National Association",555 Bethany Road,Dekalb,IL,3701,235530,
24920,"Rockefeller Trust Company, National Association","45 Rockefeller Plaza, Fifth Floor",New York,NY,26622,62110,
25216,"RockPointBank, National Association","401 Chestnut Street, Suite 101",Chattanooga,TN,59206,5574430,
20948,Safra National Bank of New York,546 Fifth Avenue,New York,NY,26876,918918,
25022,"Santander Bank, National Association","824 N. Market Street, Suite 100",Wilmington,DE,29950,722777,
12810,Savannah Bank National Association,"1565 Main Street, P.O. Box 278",Savannah,NY,14619,647414,
24150,"Schaumburg Bank & Trust Company, National Association",1180 East Higgins Road,Schaumburg,IL,57103,2970657,
14838,Seacoast National Bank,815 Colorado Avenue,Stuart,FL,131,34537,
14578,Security First National Bank of Hugo,100 S. Broadway,Hugo,OK,432,422657,
15379,Security National Bank of Omaha,1120 S. 101st Street,Omaha,NE,19213,844053,
23226,Security National Bank of South Dakota,325 Dakota Dunes Blvd,Dakota Dunes,SD,34394,2529176,
24010,Security National Trust Co.,1300 Chapline Street,Wheeling,WV,57081,2912750,
12529,"Shamrock Bank, National Association",101 N. Main,Coalgate,OK,4236,300353,
25270,"Shore United Bank, National Association",18 East Dover Street,Easton,MD,4832,933023,
24264,"Signature Bank, National Association",4607 West Sylvania Avenue,Toledo,OH,57269,3076604,
10834,Skyline National Bank,113 West Main Street,Independence,VA,6861,90328,
24617,"SmartBiz Bank, National Association",385 Waukegan Road,Northbrook,IL,58158,3377235,
9987,"SNB Bank, National Association",503 South Main,Shattuck,OK,4196,394156,
20862,"SoFi Bank, National Association",2750 East Cottonwood Parkway ,Cottonwood Heights,UT,26881,962966,
24737,Solera National Bank,319 S. Sheridan Blvd.,Lakewood,CO,58534,3397233,
15651,Southeast First National Bank,10144 Commerce Street,Summerville,GA,19819,563934,
22311,"SouthState Bank, National Association",1101 First Street South,Winter Haven,FL,33555,1929247,
14012,"Southtrust Bank, National Association",601 Guadalupe,George West,TX,13919,521158,
12346,Southwest National Bank,400 East Douglas,Wichita,KS,4801,499855,
23081,Southwestern National Bank,6901 Corporate Drive,Houston,TX,34319,2625724,
25211,"St. Charles Bank & Trust Company, National Association",411 West Main Street,Saint Charles,IL,27052,428547,
15198,St. Martin National Bank,136 Maine Street,St. Martin,MN,18937,856159,
25200,"State Bank of the Lakes, National Association",440 Lake Street,Antioch,IL,5744,595430,
12742,State National Bank ,99 Broadway Avenue,Groom,TX,3237,460556,
18045,State Street Bank and Trust Company National Association,1290 Avenue of the Americas,New York,NY,24938,93619,
15576,Stearns Bank National Association,4191 Second Street South,St. Cloud,MN,10988,141556,
23458,Stearns Bank Upsala National Association,Main Street,Upsala,MN,9336,208459,
24955,"Stifel Trust Company Delaware, National Association","Two Greenville Crossing, 4001 Kennett Pike, Suite 220",Greenville,DE,59043,4125778,
24627,"Stifel Trust Company, National Association",501 N. Broadway,St Louis,MO,33785,2713920,
14369,Stillman Banccorp National Association,101 East Main Street,Stillman Valley,IL,9263,407645,
14302,Stockmens National Bank in Cotulla,206 N. Main Street,Cotulla,TX,14864,818652,
12044,"Stride Bank, National Association",324 West Broadway,Enid,OK,4091,278555,
18154,Summit National Bank,133 Main Street,Hulett,WY,25054,78559,
4742,"Sunflower Bank, National Association",8117 Preston Road,Dallas,TX,4767,474759,
14991,"Sunrise Banks, National Association",5105 S. Crossing Place,Sioux Falls,SD,18561,860053,
9087,Superior National Bank,235 Quincy Street,Hancock,MI,5058,245557,
24350,"Synovus Trust Company, National Association",33 West 14th Street,Columbus,GA,33962,2262718,
24467,"T Bank, National Association","16200 Dallas Parkway, Suite 190",Dallas,TX,57703,3284445,
23363,"TCM Bank, National Association",3501 E. Frontage Road,Tampa,FL,34535,2687487,
22611,"TD Bank USA, National Association",2035 Limestone Road,Wilmington,DE,33947,2121196,
24096,"TD Bank, National Association",2035 Limestone Road,Wilmington,DE,18409,497404,
20157,Terrabank National Association,3191 Coral Way,Miami,FL,26442,238737,
10476,"Texana Bank, National Association",124 East Rush,Linden,TX,3302,809650,
24693,"Texas Advantage Community Bank, National Association","1701 Fairway Plaza, Suite 18",Alvin,TX,58450,3485215,
10420,"Texas Gulf Bank, National Association",1626 South Voss Road,Houston,TX,3206,514655,
4701,Texas Heritage National Bank,107 Webb,Daingerfield,TX,3161,824653,
11879,Texas National Bank,201 S. Texas,Mercedes,TX,3337,497954,
22807,Texas National Bank,400 East Broadway,Sweetwater,TX,34014,1435092,
18594,Texas National Bank of Jacksonville,300 Neches Street,Jacksonville,TX,26181,739355,
12308,"Texas Republic Bank, National Association","2595 Preston Road, Building 100",Frisco,TX,3400,735067,
16799,The American National Bank of Mount Pleasant,301 South Madison Avenue,Mount Pleasant,TX,22942,764067,
17043,The American National Bank of Texas,102 West Moore Avenue,Terrell,TX,23474,599764,
3711,The Atlanta National Bank,105 Southwest Church Street,Atlanta,IL,3601,672238,
25279,"The Bancorp Bank, National Association",345 N Reid Place,Sioux Falls,SD,35444,2858960,
24526,"The Bank of New York Mellon Trust Company, NA","333 South Hope Street, Suite 2525",Los Angeles,CA,23472,398668,
13770,"The Bank, National Association",2nd and Carl Albert Parkway,McAlester,OK,4146,829050,
9734,The Bradford National Bank of Greenville,100 East College Avenue,Greenville,IL,3799,720746,
7827,The Brady National Bank,101 S. Blackburn,Brady,TX,3109,101952,
13678,The Brenham National Bank,2211 South Day Street,Brenham,TX,3113,227357,
2311,The Camden National Bank,2 Elm Street,Camden,ME,4255,593007,
3817,The Canandaigua National Bank and Trust Company,72 South Main Street,Canandaigua,NY,6985,161602,
10034,The Citizens First National Bank of Storm Lake,529 Lake Avenue,Storm Lake,IA,4511,424240,
10789,The Citizens National Bank,417 Commercial,Greenleaf,KS,4678,991555,
11573,The Citizens National Bank of Bluffton,102 South Main Street,Bluffton,OH,6531,738013,
10216,The Citizens National Bank of Hammond,19 Main Street,Hammond,NY,14820,855303,
4900,The Citizens National Bank of Hillsboro,200 E. Elm Street,Hillsboro,TX,3255,184656,
5259,The Citizens National Bank of McConnelsville,100 East Main Street,McConnelsville,OH,6638,685023,
7266,The Citizens National Bank of Meridian,512 22nd Avenue,Meridian,MS,4993,69333,
13692,The Citizens National Bank of Park Rapids,300 West First Street,Park Rapids,MN,5223,877752,
14255,The Citizens National Bank of Quitman,100 East Stevens Street,Quitman,GA,14731,774235,
11544,The Citizens National Bank of Somerset,44 Public Square,Somerset,KY,2725,410917,
13847,The Citizens National Bank of Woodsfield,143 S. Main Street,Woodsfield,OH,6732,386825,
5753,"The City National Bank and Trust Company of Lawton, Ok",500 Montgomery Square,Lawton,OK,4132,294751,
5276,The City National Bank of Colorado City,228 Elm Street,Colorado City,TX,3144,799854,
8745,The City National Bank of Metropolis,423 Ferry Street,Metropolis,IL,3814,298245,
10806,The City National Bank of San Saba,209 E. Brown,San Saba,TX,5518,714165,
3989,The City National Bank of Sulphur Springs,201 Connally Street,Sulphur Springs,TX,5544,596062,
5275,The City National Bank of Taylor,212 North Main Street,Taylor,TX,5548,181963,
994,The Clinton National Bank,235 Sixth Avenue South,Clinton,IA,4439,773443,
8573,The Commercial National Bank of Brady,105 East Second Street,Brady,TX,3110,42354,
10536,The Conway National Bank,1400 Third Avenue,Conway,SC,2102,631422,
1323,The Delaware National Bank of Delhi,124 Main Street,Delhi,NY,7025,236603,
2515,The Ephrata National Bank,31 East Main Street,Ephrata,PA,7493,425911,
6609,The Fairfield National Bank,220 East Main Street,Fairfield,IL,3792,640246,
8606,The Falls City National Bank,100 S Front Street,Falls City,TX,3193,441050,
9767,The Farmers and Merchants National Bank of Fairview,312 North Main,Fairview,OK,4097,73152,
8221,The Farmers and Merchants National Bank of Nashville,120 W. St. Louis,Nashville,IL,3821,513546,
3654,The Farmers' National Bank of Canfield,20 South Broad Street,Canfield,OH,6540,680813,
2409,The Farmers National Bank of Danville,304 West Main Street,Danville,KY,2740,785147,
4271,The Farmers National Bank of Lebanon,136 West Main Street,Lebanon,KY,2754,575348,
8345,The Fayette County National Bank of Fayetteville,101 N. Court Street,Fayetteville,WV,6762,488420,
2488,The First Central National Bank of St. Paris,103 South Springfield Street,St. Paris,OH,15214,538222,
18783,The First Citizens National Bank of Upper Sandusky,100 North Sandusky,Upper Sandusky,OH,14355,230423,
12094,The First Farmers National Bank of Waurika,319 East D Street,Waurika,OK,4222,353957,
5547,The First National Bank and Trust Co.,302 Chickasha Avenue,Chickasha,OK,4062,154154,
2725,The First National Bank and Trust Company,345 East Grand Avenue,Beloit,WI,5285,207845,
7115,The First National Bank and Trust Company of Broken Arrow,121 South Main Street,Broken Arrow,OK,4050,145554,
5252,The First National Bank and Trust Company of Miami,2 N. Main Street,Miami,OK,4148,837158,
324,The First National Bank and Trust Company of Newtown,State and Centre Streets,Newtown,PA,7658,1007417,
14296,The First National Bank at St. James,202 First Avenue South,St. James,MN,14853,794653,
14244,The First National Bank in Amboy,220 East Main,Amboy,IL,14674,656032,
13046,The First National Bank in Cooper,11 West Side Square,Cooper,TX,3149,767152,
14072,The First National Bank in Falfurrias,200 S. St. Mary Street,Falfurrias,TX,14095,442655,
20838,The First National Bank in Marlow,301 West Main Street,Marlow,OK,26260,17259,
3393,The First National Bank in Sioux Falls,100 South Phillips Avenue,Sioux Falls,SD,4016,326858,
13579,The First National Bank in Tremont,134 South Sampson Street,Tremont,IL,3749,353546,
14222,The First National Bank in Trinidad,100 East Main Street,Trinidad,CO,14584,474058,
10823,The First National Bank of Absecon,106 New Jersey Avenue,Absecon,NJ,6442,188917,
8293,The First National Bank of Allendale,301 East Main Street,Allendale,IL,12365,990642,
6091,The First National Bank of Anson,1021 12th Street,Anson,TX,3078,366359,
9183,The First National Bank of Arenzville,110 S Charles Street,Arenzville,IL,3599,593333,
5786,The First National Bank of Aspermont,136 West 7th Street,Aspermont,TX,3079,138257,
5316,The First National Bank of Assumption,141 North Chestnut Street,Assumption,IL,3600,604033,
10911,The First National Bank of Ava,Main Street,Ava,IL,3761,858443,
3533,The First National Bank of Ballinger,911 Hutchins Avenue,Ballinger,TX,3087,160454,
13202,The First National Bank of Bangor,1798 Commercial Street,Bangor,WI,5337,627854,
4093,The First National Bank of Bastrop,489 Highway 71 West,Bastrop,TX,3091,18050,
2302,The First National Bank of Bellevue,120 North Street,Bellevue,OH,6528,243414,
4241,The First National Bank of Bellville,100 East Main Street,Bellville,TX,3099,91754,
5582,The First National Bank of Bemidji,"1600 Paul Bunyan Drive, NW",Bemidji,MN,5093,363657,
8588,The First National Bank of Blanchester,121 East Main Street,Blanchester,OH,6530,735414,
8830,The First National Bank of Brooksville,Locust Street,Brooksville,KY,2682,798512,
10397,The First National Bank of Brownstown,108 E. Main Street,Brownstown,IL,3770,207041,
4934,The First National Bank of Carmi,201 East Main Street,Carmi,IL,3777,209148,
12395,The First National Bank of Cokato,365 Broadway Avenue South,Cokato,MN,5115,280558,
8322,The First National Bank of Coleraine,W Highway 169,Coleraine,MN,5117,311658,
13802,The First National Bank of Dennison,105 Grant Street,Dennison,OH,6574,935719,
9773,The First National Bank of Dighton,105 E. Long Street,Dighton,KS,4654,636753,
6487,The First National Bank of Dryden,7 W. Main Street,Dryden,NY,7031,241009,
7534,The First National Bank of Eagle Lake,100 Commerce Street,Eagle Lake,TX,3179,651952,
6707,The First National Bank of Elmer,Main Street,Elmer,NJ,6464,609010,
8561,The First National Bank of Ely,595 Aultman Street,Ely,NV,2273,450669,
12739,The First National Bank of Evant,115 S. Memory Lane,Evant,TX,3190,379153,
9771,The First National Bank of Fairfax,16 South East First Street,Fairfax,MN,5142,938354,
11571,The First National Bank of Fleming,201 N. Logan,Fleming,CO,3018,306056,
12141,The First National Bank of Fletcher,401 West Cole,Fletcher,OK,4098,185251,
1950,The First National Bank of Fort Smith,602 Garrison Avenue,Fort Smith,AR,3864,397540,
8624,The First National Bank of Frederick,314 Main Street,Frederick,SD,3985,288152,
86,The First National Bank of Germantown,17 N. Main Street,Germantown,OH,6592,505916,
9262,The First National Bank of Gilbert,2 North Broadway,Gilbert,MN,5150,975452,
8521,The First National Bank of Gordon,134 N. Main Street,Gordon,NE,5410,3252,
3727,The First National Bank of Granbury,101 E. Bridge Street,Granbury,TX,3228,329952,
12982,The First National Bank of Grayson,200 S. Carol Malone Boulevard,Grayson,KY,2695,610913,
1083,The First National Bank of Groton,161 Main Street,Groton,NY,7085,917500,
7592,The First National Bank of Hartford,101 South 3rd Avenue,Hartford,AL,2804,112332,
12995,The First National Bank of Hebbronville,305 N. Smith Street,Hebbronville,TX,3248,173959,
6906,The First National Bank of Henning,Highways 78 and 108,Ottertail,MN,5162,23456,
10566,The First National Bank of Hooker,119 North Broadway Street,Hooker,OK,4123,816256,
12384,The First National Bank of Hope,112 Main Street,Hope,KS,4690,870856,
6922,The First National Bank of Hughes Springs,505 E. First,Hughes Springs,TX,3268,849357,
8489,The First National Bank of Hugo,321 4th Street,Hugo,CO,3029,276551,
3180,The First National Bank of Hutchinson,One North Main Street,Hutchinson,KS,4697,754853,
21165,The First National Bank of Izard County,2184 AR Highway 56,Calico Rock,AR,11252,379649,
7768,The First National Bank of Jeanerette,1331 East Main Street,Jeanerette,LA,4290,622037,
8161,The First National Bank of Johnson,125 Main Street,Johnson,NE,5422,563457,
347,The First National Bank of Lacon,111 South Broad Street,Lacon,IL,3688,824738,
6921,The First National Bank of Le Center,701 Ash Street NE,Lonsdale,MN,5180,986551,
10598,The First National Bank of Lipan,101 E. Lipan Drive,Lipan,TX,3303,811457,
3962,The First National Bank of Litchfield,324 North State Street,Litchfield,IL,3807,370347,
6169,The First National Bank of Livingston,2121 Highway 190 West,Livingston,TX,3305,630658,
13126,The First National Bank of Long Island,10 Glen Head Road,Glen Head,NY,7072,837000,
11798,The First National Bank of Louisburg,1201 West Amity,Louisburg,KS,4722,132451,
7605,The First National Bank of Manchester,120 Town Square,Manchester,KY,2708,719610,
3455,The First National Bank of Manning,401 Main Street,Manning,IA,4477,818540,
46,The First National Bank of McConnelsville,86 North Kennebec Avenue,McConnelsville,OH,6637,44929,
6488,The First National Bank of McIntosh,260 Cleveland Avenue SW,McIntosh,MN,5196,988256,
9810,The First National Bank of Mertzon,106 S. Broadway,Mertzon,TX,3339,500256,
2221,The First National Bank of Middle Tennessee,200 East Main Street,McMinnville,TN,4952,87234,
9050,The First National Bank of Milaca,192 Second Avenue S.W.,Milaca,MN,5198,924357,
9784,The First National Bank of Monterey,Main Street,Monterey,IN,4364,44040,
5774,The First National Bank of Moody,101 7th Street,Moody,TX,3351,108269,
12947,The First National Bank of Moose Lake,400 Elm Avenue,Moose Lake,MN,5214,706058,
13102,The First National Bank of Mount Dora,714 N Donnelly Street,Mount Dora,FL,3579,61832,
3959,"The First National Bank of Nevada, Missouri",100 West Walnut,Nevada,MO,4598,827355,
11754,The First National Bank of Okawville,203 East Walnut Street,Okawville,IL,3826,333940,
8039,The First National Bank of Oneida,603 North Main Street,Oneida,TN,4958,966731,
228,The First National Bank of Orwell,Main Street,Orwell,VT,6280,177500,
6837,The First National Bank of Osakis,211-13 Central,Osakis,MN,5221,726458,
11343,The First National Bank of Pandora,102 E. Main Street,Pandora,OH,6671,571920,
9721,The First National Bank of Peterstown,220 Market Street,Peterstown,WV,6787,719030,
4155,The First National Bank of Primghar,180 S. Hayes Avenue,Primghar,IA,4494,343248,
11125,The First National Bank of Proctor,211 Second Street,Proctor,MN,5232,731957,
11706,The First National Bank of Quitaque,320 East Main Street,Quitaque,TX,3401,644963,
6910,The First National Bank of Raymond,403 East Broad Street,Raymond,IL,3830,421445,
11348,The First National Bank of Russell Springs,Highways 127 and 80,Russell Springs,KY,2767,173641,
8808,The First National Bank of Scott City,501 Main Street,Scott City,KS,4769,414652,
5628,The First National Bank of Shiner,103 W. 7th,Shiner,TX,5529,342362,
5466,The First National Bank of Sonora,102 East Main Street,Sonora,TX,5531,591366,
7015,The First National Bank of Sparta,Broadway and Market Streets,Sparta,IL,3837,246947,
10161,The First National Bank of Spearville,303 N Main,Spearville ,KS,4774,197254,
3886,The First National Bank of St. Ignace,132 N. State Street,St. Ignace,MI,5074,381950,
8094,The First National Bank of Stanton,119 N. St. Peter,Stanton,TX,5536,458665,
9813,The First National Bank of Sterling City,602 4th Street,Sterling City,TX,5538,411062,
11383,The First National Bank of Sycamore,South Sycamore Avenue,Sycamore,OH,6706,553926,
11019,The First National Bank of Tom Bean,109 Britton Street,Tom Bean,TX,5557,193162,
13706,The First National Bank of Trinity,145 South Robb Street,Trinity,TX,5559,479567,
11305,The First National Bank of Wakefield,400 Sunday Lake Street,Wakefield,MI,5076,292850,
10180,The First National Bank of Waterloo,228 South Main Street,Waterloo,IL,3842,145545,
5635,The First National Bank of Waverly,107 N. Market,Waverly,OH,6725,263627,
7899,The First National Bank of Waynesboro,626 Liberty Street,Waynesboro,GA,2160,31134,
6830,The First National Bank of Williamson,68 E. Second Avenue,Williamson,WV,6805,917630,
14757,The Fisher National Bank,102 East Division Street,Fisher,IL,17513,739832,
23864,"The Glenmede Trust Company, National Association","1650 Market Street, Suite 4000",Philadelphia,PA,35317,2826017,
24173,"The Goldman Sachs Trust Company, National Association",200 Bellevue Parkway,Wilmington,DE,57337,3066025,
11642,The Granger National Bank,200 W. Davilla,Granger,TX,3232,272151,
14035,The Granville National Bank,328 South McCoy Street,Granville,IL,13983,560830,
2242,The Havana National Bank,112 South Orange Street,Havana,IL,3677,940731,
5842,The Home National Bank of Thorntown,117 East Main Street,Thorntown,IN,14225,696645,
644,The Honesdale National Bank,733 Main Stt,Honesdale,PA,7526,465618,
7745,The Huntington National Bank,17 South High Street,Columbus,OH,6560,12311,
11913,The Idabel National Bank,1201 Southeast Washington,Idabel,OK,4241,237954,
7814,The Jacksboro National Bank,910 North Main Street,Jacksboro,TX,3275,924058,
5614,The Karnes County National Bank of Karnes City,301 E. Calvert Street,Karnes City,TX,3279,979759,
13111,The Lamesa National Bank,602 South 1st Street,Lamesa,TX,3292,623052,
11715,The Lemont National Bank,1201 State Street,Lemont,IL,3693,480330,
13541,The Liberty National Bank in Paris,305 Lamar Avenue,Paris,TX,3384,1669,
13479,The Lincoln National Bank of Hodgenville,41 Public Square,Hodgenville,KY,2750,553944,
10079,The Litchfield National Bank,316 North State Street,Litchfield,IL,3808,372444,
1027,The Lyons National Bank,35 William Street,Lyons,NY,7151,323204,
23202,The Malvern National Bank,1 Money Place,Malvern,AR,14644,906241,
7911,The Marion National Bank,302 East Main Street,Marion,KS,4728,167752,
2449,The Merchants National Bank,100 North High Street,Hillsboro,OH,6605,701222,
6991,The Miners National Bank of Eveleth,401 Grant Avenue,Eveleth,MN,5141,43856,
24827,The MINT National Bank,1213 Kingwood Drive,Kingwood,TX,58764,3821626,
13198,The National Bank of Adams County of West Union,218 N. Market Street,West Union,OH,6728,290922,
14788,The National Bank of Andrews,1501 N. Main,Andrews,TX,17603,488653,
12229,The National Bank of Blacksburg,100 South Main Street,Blacksburg,VA,6821,754929,
1398,The National Bank of Coxsackie,3-7 Reed Street,Coxsackie,NY,7018,234506,
22652,The National Bank of Indianapolis,"107 North Pennsylvania Street, Suite 700",Indianapolis,IN,33860,2132941,
3147,The National Bank of Malvern,King and Warren Streets,Malvern,PA,7590,977616,
1195,The National Bank of Middlebury,30-32 Main Street,Middlebury,VT,6275,173306,
4107,The National Capital Bank of Washington,"316 Pennsylvania Avenue, S.E.",Washington,DC,2093,791821,
676,The National Grand Bank of Marblehead,91 Pleasant Street,Marblehead,MA,2608,863607,
1214,The National Iron Bank,195 Main Street,Salisbury,CT,2496,1008209,
12471,The Neffs National Bank,5629 Pennsylvania Route 873,Neffs,PA,7646,144913,
7005,The Northumberland National Bank,245 Front Street,Northumberland,PA,7666,70414,
11780,The Old Exchange National Bank of Okawville,110 E. Walnut Street,Okawville,IL,3827,411240,
12267,The Old Point National Bank of Phoebus,1 West Mellen Street,Hampton,VA,6892,186221,
9179,The Park National Bank,50 North Third Street,Newark,OH,6653,489623,
7892,The Pauls Valley National Bank,101 W. Paul Avenue,Pauls Valley,OK,4173,454658,
15733,The Pennsville National Bank,170 South Broadway,Pennsville,NJ,19978,828110,
10051,The Peoples National Bank of Checotah,300 West Gentry,Checotah,OK,4059,942454,
11595,The Perryton National Bank,825 South Main Street,Perryton,TX,3388,8462,
5658,The Peshtigo National Bank,250 French Street,Peshtigo,WI,5317,257345,
25302,The Preferred Legacy National Trust Bank,4840 Higbee Avenue NW,Canton,OH,59357,5887420,
22926,"The Private Trust Company, National Association",1422 Euclid Avenue,Cleveland,OH,34057,2328285,
976,The Putnam County National Bank of Carmel,43 Gleneida Avenue,Carmel,NY,6990,287007,
5267,The Riddell National Bank,1 East National Avenue,Brazil,IN,4318,319047,
8905,The Salyersville National Bank,Main Street,Salyersville,KY,2723,472018,
13854,The Santa Anna National Bank,610 Wallis Avenue,Santa Anna,TX,5520,521064,
14315,The Security National Bank of Enid,201 West Broadway,Enid,OK,14966,119153,
3124,"The Security National Bank of Sioux City, Iowa",601 Pierce Street,Sioux City,IA,4506,418249,
12543,The State National Bank of Big Spring,901 Main Street,Big Spring,TX,3103,169354,
4137,The Stephenson National Bank and Trust,1820 Hall Avenue,Marinette,WI,5306,598048,
24092,"The Tipton Latham Bank, National Association",800 West Highway 50,Tipton,MO,1941,984856,
22281,"The Trust Company of Toledo, National Association",1630 Timberwolf Drive,Holland,OH,33239,1820979,
9803,The Turbotville National Bank,"Route 54, P.O. Box 37",Turbotville,PA,7789,906410,
12018,The Upstate National Bank,729 Proctor Avenue,Ogdensburg,NY,13748,313009,
2036,The Vinton County National Bank,203 West Main Street,McArthur,OH,6636,754826,
5203,The Waggoner National Bank of Vernon,1818 Texas Street,Vernon,TX,5569,548267,
8694,The Yoakum National Bank,301 W. Grand Avenue,Yoakum,TX,5595,311265,
22883,Thomasville National Bank,301 North Broad Street,Thomasville,GA,34068,2344753,
25288,"TIAA Trust, National Association",8500 Andrew Carnegie Boulevard,Charlotte,NC,59344,5859511,
25143,TIB National Association,11701 Luna Road,Farmers Branch,TX,23647,529958,
25239,"Tioga State Bank, National Association",1 North Main Street,Spencer,NY,9410,910118,
12437,"Titan Bank, National Association",1701 East Hubbard Street,Mineral Wells,TX,3225,328357,
24789,Touchmark National Bank,3651 Old Milton Parkway,Alpharetta,GA,58687,3645840,
25201,"Town Bank, National Association",850 West North Shore Drive,Hartland,WI,34717,2693264,
8004,"Transact Bank, National Association",700 17th Street,Denver,CO,13986,403254,
15738,Tri City National Bank,6400 South 27th Street,Oak Creek,WI,18922,242444,
17926,"Triad Bank, National Association",7646 East 61st Street,Tulsa,OK,24677,283652,
24397,"Trinity Bank, National Association",3500 W Vickery Boulevard,Fort Worth,TX,57543,3185896,
10523,Trustmark National Bank,248 East Capitol Street,Jackson,MS,4988,342634,
24,U.S. Bank National Association,425 Walnut Street,Cincinnati,OH,6548,504713,
23412,"U.S. Bank Trust Company, National Association",111 Southwest Fifth Avenue,Portland,OR,34588,2567123,
24090,U.S. Bank Trust National Association,1011 Centre Road,Wilmington,DE,57047,2916963,
23604,U.S. Bank Trust National Association SD,141 North Main Avenue,Sioux Falls,SD,34813,2667920,
22874,"UMB Bank & Trust, National Association",2 South Broadway,St. Louis,MO,34065,2337335,
23920,"UMB Bank, National Association",1010 Grand Avenue,Kansas City,MO,8273,936855,
7236,Union National Bank,One Fountain Square Plaza,Elgin,IL,3661,963730,
25160,"United Midwest Savings Bank, National Association",101 South Main Street,Degraff,OH,32441,809276,
23981,United National Bank,722 North Broad Street,Cairo,GA,35427,2914727,
21008,Unity National Bank of Houston,2602 Blodgett Street,Houston,TX,26351,853251,
15790,Valley National Bank,615 Main Avenue,Passaic,NJ,9396,229801,
24121,"Vanguard National Trust Company, National Association",Vanguard Boulevard,Malvern,PA,57304,3045383,
25147,"Varo Bank, National Association","11781 South Lone Peak Way, Suite 100",Draper,UT,59190,5518023,
17174,"Vast Bank, National Association",110 N. Elgin Avenue,Tulsa,OK,23737,347956,
13443,"VeraBank, National Association",201 West Main Street,Henderson,TX,3250,56351,
23457,VersaBank USA National Association,Main Street,Holdingford,MN,10160,1011656,
25210,"Viking Bank, National Association",4277 Dakota Street,Alexandria,MN,32082,484776,
25202,"Village Bank & Trust, National Association",234 West Northwest Highway,Arlington Heights,IL,34011,2298995,
23616,Virginia National Bank,222 East Main Street,Charlottesville,VA,34755,2708122,
11822,Vista National Bank & Trust.,197 Main Street,Harveyville,KS,4683,931458,
24685,"Waterford Bank, National Association",3900 North Mccord Road,Toledo,OH,58433,3588424,
24469,"Webster Bank, National Association",1959 Summer Street,Stamford,CT,18221,761806,
17202,"Wellington Trust Company, National Association",280 Congress Street,Boston,MA,23741,692704,
11668,"Wells Fargo Bank South Central, National Association",2005 Taylor Street,Houston,TX,5146,2362458,
1,"Wells Fargo Bank, National Association",101 North Philips Avenue,Sioux Falls,SD,3511,451965,
23201,"Wells Fargo Delaware Trust Company, National Association","2200 Concord Pike, 5th Floor",Wilmington,DE,34465,2531991,
21099,Wells Fargo National Bank West,4455 Spring Mountain Road,Las Vegas,NV,27389,1225761,
2597,"Wells Fargo Trust Company, National Association",2389 Washington Boulevard,Ogden,UT,13718,688079,
24185,West Texas National Bank,"#6 Desta Drive, Suite 2400",Midland,TX,22957,237066,
24683,West Valley National Bank,2440 North Litchfield Road,Goodyear,AZ,58426,3480069,
25281,"Western Alliance Trust Company, National Association","1 East Washington Street, Suite 1400",Phoenix,AZ,57288,5805451,
6352,Western National Bank,"210 2nd Street, NW",Cass Lake,MN,5110,278751,
13116,Western National Bank,201 North Central Avenue,Duluth,MN,5131,127055,
10971,Western National Bank,523 Thayer Avenue,Chester,NE,4778,199351,
25203,"Wheaton Bank & Trust Company, National Association",100 North Wheaton Avenue,Wheaton,IL,33803,2044811,
23918,"Wheaton College Trust Company, National Association",501 College Avenue,Wheaton,IL,57150,2960788,
22859,"Wilmington Trust, National Association","Rodney Square North, 1100 North Market Street",Wilmington,DE,34069,2265456,
25142,Winter Park National Bank,201 North New York Avenue,Winter Park,FL,59105,5143788,
25196,"Wintrust Bank, National Association",231 South LaSalle Street,Chicago,IL,33935,2239288,
23690,"Wintrust Private Trust Company, National Association",727 North Bank Lane,Lake Forest,IL,35063,2719810,
10865,"WNB Financial, National Association",204 Main Street,Winona,MN,5280,220059,
16892,Woodforest National Bank,1330 Lake Robbins Drive,The Woodlands,TX,23220,412751,
23926,Woodlands National Bank,122 Main Street,Hinckley,MN,1417,980951,
14955,Zapata National Bank,703 Hidalgo Blvd,Zapata,TX,18454,218261,
4341,"Zions Bancorporation, National Association",One South Main Street,Salt Lake City,UT,2270,276579,
,,,,,,,
,,,,,,,
747,,,,,,,
,,,,,,,
,,,,,,,
,,,,,,,
,,,,,,,
,,,,,,,
,,,,,,,
,,,,,,,
,,,,,,,
,,,,,,,
,,,,,,,
,,,,,,,
,,,,,,,
,,,,,,,
,,,,,,,
,,,,,,,
,,,,,,,
